label,documents,window_bytes,stride_bytes,precision,tokenizer,compression_ratio,token_accuracy,token_precision,token_recall,token_f1,token_compression_unique,token_compression_stream,character_accuracy,normalized_edit_distance,verification_precision,verification_fpr
fox_en,112,512,384,3,external/DeepSeek-OCR/weights,44.291724974344625,0.9167080701256299,0.9167080701256299,0.9125550722342793,0.9146268568796755,90.14189756507137,85.47691082802548,0.9274839922077186,0.07251600779228143,0.16444095312909138,0.04577666838813336
fox_cn,100,512,384,3,external/DeepSeek-OCR/weights,44.684229784120014,0.9054813695647344,0.9054813695647344,0.9003128405216352,0.9028897083829452,93.68496158068056,88.07739938080495,0.9085356052081659,0.09146439479183412,0.1659815005138746,0.05075523032179379
omnidoc,1349,512,384,3,external/DeepSeek-OCR/weights,45.92923243288207,0.8716076224810767,0.8716076224810767,0.8647258055210598,0.8681530762389003,98.94226090211491,89.48768514600084,0.8940968742884557,0.10590312571154428,0.03364361967190708,0.021213676378386385
