label,documents,window_bytes,stride_bytes,precision,tokenizer,compression_ratio,token_accuracy,token_precision,token_recall,token_f1,token_compression_unique,token_compression_stream,character_accuracy,normalized_edit_distance,verification_precision,verification_fpr
fox_en,112,512,384,3,gpt2,44.291724974344625,0.9163420470228908,0.9163420470228908,0.9120437548833575,0.9141878485962043,97.78925272879933,92.72850318471338,0.9274839922077186,0.07251600779228143,0.16444095312909138,0.04577666838813336
fox_cn,100,512,384,3,gpt2,44.684229784120014,0.9112737595566914,0.9112737595566914,0.9067930311279798,0.9090278738380226,291.52689352360045,274.07739938080493,0.9085356052081659,0.09146439479183412,0.1659815005138746,0.05075523032179379
