{
  "original_tokens": 2957826,
  "original_bytes": 11831001,
  "manifold_signature_tokens": 1111688,
  "sidecar_signature_tokens": 1068885,
  "manifold_unique_signatures": 6467,
  "manifold_serialized_bytes": 52915576,
  "manifold_serialized_tokens_estimate": 2698854,
  "compression_ratio_signature_tokens": 2.660661984297753,
  "compression_ratio_serialized_bytes": 0.2235825799193795,
  "chunk_count": 14268,
  "question_hash": "73749048cebf6f6d5a68b8cb93d5fc1c11c0739495809100cdfc7d675263305d",
  "window_bytes": 16,
  "stride_bytes": 4,
  "precision": 2,
  "embedding_model": "all-MiniLM-L6-v2",
  "created_at": "2026-03-08T14:34:36+00:00"
}