{
  "original_tokens": 248231,
  "original_bytes": 992882,
  "manifold_signature_tokens": 136989,
  "sidecar_signature_tokens": 131028,
  "manifold_unique_signatures": 3701,
  "manifold_serialized_bytes": 6930947,
  "manifold_serialized_tokens_estimate": 346577,
  "compression_ratio_signature_tokens": 1.8120506026031287,
  "compression_ratio_serialized_bytes": 0.14325343997003584,
  "chunk_count": 1987,
  "question_hash": "ca6a93b123aa4d8f6ea6a6176baf53017cad19ee6d82030be7188b3319047143",
  "window_bytes": 16,
  "stride_bytes": 4,
  "precision": 2,
  "embedding_model": "all-MiniLM-L6-v2",
  "created_at": "2026-03-08T12:59:05+00:00"
}