label,documents,window_bytes,stride_bytes,precision,tokenizer,compression_ratio,token_accuracy,token_precision,token_recall,token_f1,token_compression_unique,token_compression_stream,character_accuracy,normalized_edit_distance,verification_precision,verification_fpr
fox,112,512,384,3,external/DeepSeek-OCR/weights,44.291724974344625,0.9167080701256299,0.9167080701256299,0.9125550722342793,0.9146268568796755,90.14189756507137,85.47691082802548,0.9274839922077186,0.07251600779228143,0.16444095312909138,0.04577666838813336
fox_cn,100,512,384,3,external/DeepSeek-OCR/weights,44.684229784120014,0.9054813695647344,0.9054813695647344,0.9003128405216352,0.9028897083829452,93.68496158068056,88.07739938080495,0.9085356052081659,0.09146439479183412,0.1659815005138746,0.05075523032179379
omnidoc,148,512,384,3,external/DeepSeek-OCR/weights,37.09345794392523,0.8871946749552825,0.8871946749552825,0.8729692246730947,0.8800244655549746,94.34267912772586,94.04968944099379,0.8878980573219212,0.11210194267807883,0.6778947368421052,0.0031889616074033933
