label,documents,window_bytes,stride_bytes,precision,tokenizer,compression_ratio,token_accuracy,token_precision,token_recall,token_f1,token_compression_unique,token_compression_stream,character_accuracy,normalized_edit_distance,verification_precision,verification_fpr
fox,112,512,384,3,external/DeepSeek-OCR/weights,42.03302346170872,0.9534960158477761,0.9534960158477761,0.9512383684646839,0.9523658541818257,85.54501992031872,85.47691082802548,0.9561644002041031,0.04383559979589688,0.9121278140885984,0.0008679061226831927
fox_cn,100,512,384,3,external/DeepSeek-OCR/weights,42.009631922944614,0.9494393271926311,0.9494393271926311,0.946746810081198,0.9480911569974788,88.07739938080495,88.07739938080495,0.9504068247220883,0.04959317527791168,0.9719157472417251,0.00029187645286716493
omnidoc,1349,512,384,3,external/DeepSeek-OCR/weights,41.58967695769662,0.9489797018529965,0.9489797018529965,0.9462913448160735,0.9476336166775503,89.59384797898483,89.48768514600084,0.9493973962738212,0.05060260372617874,0.8085266543488675,0.00017490221915785644
